CAUSE OF DEATH  IN CLIFTON UNION AND REGISTRATION DISTRICT (1838 – 1855), Diarrhoea and Dysentery, 1838, 13
CAUSE OF DEATH  IN CLIFTON UNION AND REGISTRATION DISTRICT (1838 – 1855), Diarrhoea and Dysentery, 1839, 13
CAUSE OF DEATH  IN CLIFTON UNION AND REGISTRATION DISTRICT (1838 – 1855), Diarrhoea and Dysentery, 1840, 45
CAUSE OF DEATH  IN CLIFTON UNION AND REGISTRATION DISTRICT (1838 – 1855), Diarrhoea and Dysentery, 1841, 16
CAUSE OF DEATH  IN CLIFTON UNION AND REGISTRATION DISTRICT (1838 – 1855), Diarrhoea and Dysentery, 1842, 80
CAUSE OF DEATH  IN CLIFTON UNION AND REGISTRATION DISTRICT (1838 – 1855), Diarrhoea and Dysentery, 1849, 88
CAUSE OF DEATH  IN CLIFTON UNION AND REGISTRATION DISTRICT (1838 – 1855), Diarrhoea and Dysentery, 1854, 154
CAUSE OF DEATH  IN CLIFTON UNION AND REGISTRATION DISTRICT (1838 – 1855), Gastris-Enteritis, 1838, 32
CAUSE OF DEATH  IN CLIFTON UNION AND REGISTRATION DISTRICT (1838 – 1855), Gastris-Enteritis, 1839, 42
CAUSE OF DEATH  IN CLIFTON UNION AND REGISTRATION DISTRICT (1838 – 1855), Gastris-Enteritis, 1840, 52
CAUSE OF DEATH  IN CLIFTON UNION AND REGISTRATION DISTRICT (1838 – 1855), Gastris-Enteritis, 1841, 48
CAUSE OF DEATH  IN CLIFTON UNION AND REGISTRATION DISTRICT (1838 – 1855), Gastris-Enteritis, 1842, 49
CAUSE OF DEATH  IN CLIFTON UNION AND REGISTRATION DISTRICT (1838 – 1855), Gastris-Enteritis, 1849, n/g
CAUSE OF DEATH  IN CLIFTON UNION AND REGISTRATION DISTRICT (1838 – 1855), Gastris-Enteritis, 1854, n/g
CAUSE OF DEATH  IN CLIFTON UNION AND REGISTRATION DISTRICT (1838 – 1855), Tuberculosis, 1838, 204
CAUSE OF DEATH  IN CLIFTON UNION AND REGISTRATION DISTRICT (1838 – 1855), Tuberculosis, 1839, 218
CAUSE OF DEATH  IN CLIFTON UNION AND REGISTRATION DISTRICT (1838 – 1855), Tuberculosis, 1840, 232
CAUSE OF DEATH  IN CLIFTON UNION AND REGISTRATION DISTRICT (1838 – 1855), Tuberculosis, 1841, 199
CAUSE OF DEATH  IN CLIFTON UNION AND REGISTRATION DISTRICT (1838 – 1855), Tuberculosis, 1842, 211
CAUSE OF DEATH  IN CLIFTON UNION AND REGISTRATION DISTRICT (1838 – 1855), Tuberculosis, 1849, n/g
CAUSE OF DEATH  IN CLIFTON UNION AND REGISTRATION DISTRICT (1838 – 1855), Tuberculosis, 1854, n/g
CAUSE OF DEATH  IN CLIFTON UNION AND REGISTRATION DISTRICT (1838 – 1855), Whooping Cough, 1838, 20
CAUSE OF DEATH  IN CLIFTON UNION AND REGISTRATION DISTRICT (1838 – 1855), Whooping Cough, 1839, 16
CAUSE OF DEATH  IN CLIFTON UNION AND REGISTRATION DISTRICT (1838 – 1855), Whooping Cough, 1840, 68
CAUSE OF DEATH  IN CLIFTON UNION AND REGISTRATION DISTRICT (1838 – 1855), Whooping Cough, 1841, 18
CAUSE OF DEATH  IN CLIFTON UNION AND REGISTRATION DISTRICT (1838 – 1855), Whooping Cough, 1842, 29
CAUSE OF DEATH  IN CLIFTON UNION AND REGISTRATION DISTRICT (1838 – 1855), Whooping Cough, 1849, n/g
CAUSE OF DEATH  IN CLIFTON UNION AND REGISTRATION DISTRICT (1838 – 1855), Whooping Cough, 1854, n/g
CAUSE OF DEATH  IN CLIFTON UNION AND REGISTRATION DISTRICT (1838 – 1855), Scarlet Fever, 1838, 13
CAUSE OF DEATH  IN CLIFTON UNION AND REGISTRATION DISTRICT (1838 – 1855), Scarlet Fever, 1839, 37
CAUSE OF DEATH  IN CLIFTON UNION AND REGISTRATION DISTRICT (1838 – 1855), Scarlet Fever, 1840, 55
CAUSE OF DEATH  IN CLIFTON UNION AND REGISTRATION DISTRICT (1838 – 1855), Scarlet Fever, 1841, 113
CAUSE OF DEATH  IN CLIFTON UNION AND REGISTRATION DISTRICT (1838 – 1855), Scarlet Fever, 1842, 47
CAUSE OF DEATH  IN CLIFTON UNION AND REGISTRATION DISTRICT (1838 – 1855), Scarlet Fever, 1849, n/g
CAUSE OF DEATH  IN CLIFTON UNION AND REGISTRATION DISTRICT (1838 – 1855), Scarlet Fever, 1854, n/g
CAUSE OF DEATH  IN CLIFTON UNION AND REGISTRATION DISTRICT (1838 – 1855), Measles, 1838, 83
CAUSE OF DEATH  IN CLIFTON UNION AND REGISTRATION DISTRICT (1838 – 1855), Measles, 1839, 7
CAUSE OF DEATH  IN CLIFTON UNION AND REGISTRATION DISTRICT (1838 – 1855), Measles, 1840, 122
CAUSE OF DEATH  IN CLIFTON UNION AND REGISTRATION DISTRICT (1838 – 1855), Measles, 1841, 11
CAUSE OF DEATH  IN CLIFTON UNION AND REGISTRATION DISTRICT (1838 – 1855), Measles, 1842, 73
CAUSE OF DEATH  IN CLIFTON UNION AND REGISTRATION DISTRICT (1838 – 1855), Measles, 1849, n/g
CAUSE OF DEATH  IN CLIFTON UNION AND REGISTRATION DISTRICT (1838 – 1855), Measles, 1854, n/g
CAUSE OF DEATH  IN CLIFTON UNION AND REGISTRATION DISTRICT (1838 – 1855), Erysipelas, 1838, 3
CAUSE OF DEATH  IN CLIFTON UNION AND REGISTRATION DISTRICT (1838 – 1855), Erysipelas, 1839, 6
CAUSE OF DEATH  IN CLIFTON UNION AND REGISTRATION DISTRICT (1838 – 1855), Erysipelas, 1840, 20
CAUSE OF DEATH  IN CLIFTON UNION AND REGISTRATION DISTRICT (1838 – 1855), Erysipelas, 1841, 11
CAUSE OF DEATH  IN CLIFTON UNION AND REGISTRATION DISTRICT (1838 – 1855), Erysipelas, 1842, 8
CAUSE OF DEATH  IN CLIFTON UNION AND REGISTRATION DISTRICT (1838 – 1855), Erysipelas, 1849, n/g
CAUSE OF DEATH  IN CLIFTON UNION AND REGISTRATION DISTRICT (1838 – 1855), Erysipelas, 1854, n/g
CAUSE OF DEATH  IN CLIFTON UNION AND REGISTRATION DISTRICT (1838 – 1855), Typhus Fever, 1838, 46
CAUSE OF DEATH  IN CLIFTON UNION AND REGISTRATION DISTRICT (1838 – 1855), Typhus Fever, 1839, 55
CAUSE OF DEATH  IN CLIFTON UNION AND REGISTRATION DISTRICT (1838 – 1855), Typhus Fever, 1840, 70
CAUSE OF DEATH  IN CLIFTON UNION AND REGISTRATION DISTRICT (1838 – 1855), Typhus Fever, 1841, 42
CAUSE OF DEATH  IN CLIFTON UNION AND REGISTRATION DISTRICT (1838 – 1855), Typhus Fever, 1842, 68
CAUSE OF DEATH  IN CLIFTON UNION AND REGISTRATION DISTRICT (1838 – 1855), Typhus Fever, 1849, n/g
CAUSE OF DEATH  IN CLIFTON UNION AND REGISTRATION DISTRICT (1838 – 1855), Typhus Fever, 1854, n/g
CAUSE OF DEATH  IN CLIFTON UNION AND REGISTRATION DISTRICT (1838 – 1855), Croup, 1838, 11
CAUSE OF DEATH  IN CLIFTON UNION AND REGISTRATION DISTRICT (1838 – 1855), Croup, 1839, 10
CAUSE OF DEATH  IN CLIFTON UNION AND REGISTRATION DISTRICT (1838 – 1855), Croup, 1840, 11
CAUSE OF DEATH  IN CLIFTON UNION AND REGISTRATION DISTRICT (1838 – 1855), Croup, 1841, 26
CAUSE OF DEATH  IN CLIFTON UNION AND REGISTRATION DISTRICT (1838 – 1855), Croup, 1842, 9
CAUSE OF DEATH  IN CLIFTON UNION AND REGISTRATION DISTRICT (1838 – 1855), Croup, 1849, n/g
CAUSE OF DEATH  IN CLIFTON UNION AND REGISTRATION DISTRICT (1838 – 1855), Croup, 1854, n/g
CAUSE OF DEATH  IN CLIFTON UNION AND REGISTRATION DISTRICT (1838 – 1855), Typhoid (enteric) Fever, 1838, n/g
CAUSE OF DEATH  IN CLIFTON UNION AND REGISTRATION DISTRICT (1838 – 1855), Typhoid (enteric) Fever, 1839, n/g
CAUSE OF DEATH  IN CLIFTON UNION AND REGISTRATION DISTRICT (1838 – 1855), Typhoid (enteric) Fever, 1840, n/g
CAUSE OF DEATH  IN CLIFTON UNION AND REGISTRATION DISTRICT (1838 – 1855), Typhoid (enteric) Fever, 1841, n/g
CAUSE OF DEATH  IN CLIFTON UNION AND REGISTRATION DISTRICT (1838 – 1855), Typhoid (enteric) Fever, 1842, n/g
CAUSE OF DEATH  IN CLIFTON UNION AND REGISTRATION DISTRICT (1838 – 1855), Typhoid (enteric) Fever, 1849, n/g
CAUSE OF DEATH  IN CLIFTON UNION AND REGISTRATION DISTRICT (1838 – 1855), Typhoid (enteric) Fever, 1854, n/g
CAUSE OF DEATH  IN CLIFTON UNION AND REGISTRATION DISTRICT (1838 – 1855), Syphilis, 1838, 0
CAUSE OF DEATH  IN CLIFTON UNION AND REGISTRATION DISTRICT (1838 – 1855), Syphilis, 1839, 0
CAUSE OF DEATH  IN CLIFTON UNION AND REGISTRATION DISTRICT (1838 – 1855), Syphilis, 1840, 0
CAUSE OF DEATH  IN CLIFTON UNION AND REGISTRATION DISTRICT (1838 – 1855), Syphilis, 1841, 0
CAUSE OF DEATH  IN CLIFTON UNION AND REGISTRATION DISTRICT (1838 – 1855), Syphilis, 1842, 0
CAUSE OF DEATH  IN CLIFTON UNION AND REGISTRATION DISTRICT (1838 – 1855), Syphilis, 1849, n/g
CAUSE OF DEATH  IN CLIFTON UNION AND REGISTRATION DISTRICT (1838 – 1855), Syphilis, 1854, n/g
CAUSE OF DEATH  IN CLIFTON UNION AND REGISTRATION DISTRICT (1838 – 1855), Smallpox, 1838, 83
CAUSE OF DEATH  IN CLIFTON UNION AND REGISTRATION DISTRICT (1838 – 1855), Smallpox, 1839, 8
CAUSE OF DEATH  IN CLIFTON UNION AND REGISTRATION DISTRICT (1838 – 1855), Smallpox, 1840, 103
CAUSE OF DEATH  IN CLIFTON UNION AND REGISTRATION DISTRICT (1838 – 1855), Smallpox, 1841, 73
CAUSE OF DEATH  IN CLIFTON UNION AND REGISTRATION DISTRICT (1838 – 1855), Smallpox, 1842, 4
CAUSE OF DEATH  IN CLIFTON UNION AND REGISTRATION DISTRICT (1838 – 1855), Smallpox, 1849, n/g
CAUSE OF DEATH  IN CLIFTON UNION AND REGISTRATION DISTRICT (1838 – 1855), Smallpox, 1854, n/g
CAUSE OF DEATH  IN CLIFTON UNION AND REGISTRATION DISTRICT (1838 – 1855), Cholera, 1838, 0
CAUSE OF DEATH  IN CLIFTON UNION AND REGISTRATION DISTRICT (1838 – 1855), Cholera, 1839, 1
CAUSE OF DEATH  IN CLIFTON UNION AND REGISTRATION DISTRICT (1838 – 1855), Cholera, 1840, 3
CAUSE OF DEATH  IN CLIFTON UNION AND REGISTRATION DISTRICT (1838 – 1855), Cholera, 1841, 0
CAUSE OF DEATH  IN CLIFTON UNION AND REGISTRATION DISTRICT (1838 – 1855), Cholera, 1842, 5
CAUSE OF DEATH  IN CLIFTON UNION AND REGISTRATION DISTRICT (1838 – 1855), Cholera, 1849, 563
CAUSE OF DEATH  IN CLIFTON UNION AND REGISTRATION DISTRICT (1838 – 1855), Cholera, 1854, 92
CAUSE OF DEATH  IN CLIFTON UNION AND REGISTRATION DISTRICT (1838 – 1855), Cephalitis (encephalitis), 1838, 24
CAUSE OF DEATH  IN CLIFTON UNION AND REGISTRATION DISTRICT (1838 – 1855), Cephalitis (encephalitis), 1839, 19
CAUSE OF DEATH  IN CLIFTON UNION AND REGISTRATION DISTRICT (1838 – 1855), Cephalitis (encephalitis), 1840, 21
CAUSE OF DEATH  IN CLIFTON UNION AND REGISTRATION DISTRICT (1838 – 1855), Cephalitis (encephalitis), 1841, 29
CAUSE OF DEATH  IN CLIFTON UNION AND REGISTRATION DISTRICT (1838 – 1855), Cephalitis (encephalitis), 1842, 15
CAUSE OF DEATH  IN CLIFTON UNION AND REGISTRATION DISTRICT (1838 – 1855), Cephalitis (encephalitis), 1849, n/g
CAUSE OF DEATH  IN CLIFTON UNION AND REGISTRATION DISTRICT (1838 – 1855), Cephalitis (encephalitis), 1854, n/g
CAUSE OF DEATH  IN CLIFTON UNION AND REGISTRATION DISTRICT (1838 – 1855), Hepatitis and Jaundice, 1838, 8
CAUSE OF DEATH  IN CLIFTON UNION AND REGISTRATION DISTRICT (1838 – 1855), Hepatitis and Jaundice, 1839, 3
CAUSE OF DEATH  IN CLIFTON UNION AND REGISTRATION DISTRICT (1838 – 1855), Hepatitis and Jaundice, 1840, 4
CAUSE OF DEATH  IN CLIFTON UNION AND REGISTRATION DISTRICT (1838 – 1855), Hepatitis and Jaundice, 1841, 3
CAUSE OF DEATH  IN CLIFTON UNION AND REGISTRATION DISTRICT (1838 – 1855), Hepatitis and Jaundice, 1842, 6
CAUSE OF DEATH  IN CLIFTON UNION AND REGISTRATION DISTRICT (1838 – 1855), Hepatitis and Jaundice, 1849, n/g
CAUSE OF DEATH  IN CLIFTON UNION AND REGISTRATION DISTRICT (1838 – 1855), Hepatitis and Jaundice, 1854, n/g
CAUSE OF DEATH  IN CLIFTON UNION AND REGISTRATION DISTRICT (1838 – 1855), Other Infectious & parasitic diseases, 1838, 14
CAUSE OF DEATH  IN CLIFTON UNION AND REGISTRATION DISTRICT (1838 – 1855), Other Infectious & parasitic diseases, 1839, 16
CAUSE OF DEATH  IN CLIFTON UNION AND REGISTRATION DISTRICT (1838 – 1855), Other Infectious & parasitic diseases, 1840, 13
CAUSE OF DEATH  IN CLIFTON UNION AND REGISTRATION DISTRICT (1838 – 1855), Other Infectious & parasitic diseases, 1841, 13
CAUSE OF DEATH  IN CLIFTON UNION AND REGISTRATION DISTRICT (1838 – 1855), Other Infectious & parasitic diseases, 1842, 14
CAUSE OF DEATH  IN CLIFTON UNION AND REGISTRATION DISTRICT (1838 – 1855), Other Infectious & parasitic diseases, 1849, n/g
CAUSE OF DEATH  IN CLIFTON UNION AND REGISTRATION DISTRICT (1838 – 1855), Other Infectious & parasitic diseases, 1854, n/g
CAUSE OF DEATH  IN CLIFTON UNION AND REGISTRATION DISTRICT (1838 – 1855), Carcinoma and Tumour of uncertain seat, 1838, 11
CAUSE OF DEATH  IN CLIFTON UNION AND REGISTRATION DISTRICT (1838 – 1855), Carcinoma and Tumour of uncertain seat, 1839, 11
CAUSE OF DEATH  IN CLIFTON UNION AND REGISTRATION DISTRICT (1838 – 1855), Carcinoma and Tumour of uncertain seat, 1840, 11
CAUSE OF DEATH  IN CLIFTON UNION AND REGISTRATION DISTRICT (1838 – 1855), Carcinoma and Tumour of uncertain seat, 1841, 10
CAUSE OF DEATH  IN CLIFTON UNION AND REGISTRATION DISTRICT (1838 – 1855), Carcinoma and Tumour of uncertain seat, 1842, 14
CAUSE OF DEATH  IN CLIFTON UNION AND REGISTRATION DISTRICT (1838 – 1855), Carcinoma and Tumour of uncertain seat, 1849, n/g
CAUSE OF DEATH  IN CLIFTON UNION AND REGISTRATION DISTRICT (1838 – 1855), Carcinoma and Tumour of uncertain seat, 1854, n/g
CAUSE OF DEATH  IN CLIFTON UNION AND REGISTRATION DISTRICT (1838 – 1855), Diabetes, 1838, 2
CAUSE OF DEATH  IN CLIFTON UNION AND REGISTRATION DISTRICT (1838 – 1855), Diabetes, 1839, 1
CAUSE OF DEATH  IN CLIFTON UNION AND REGISTRATION DISTRICT (1838 – 1855), Diabetes, 1840, 0
CAUSE OF DEATH  IN CLIFTON UNION AND REGISTRATION DISTRICT (1838 – 1855), Diabetes, 1841, 2
CAUSE OF DEATH  IN CLIFTON UNION AND REGISTRATION DISTRICT (1838 – 1855), Diabetes, 1842, 0
CAUSE OF DEATH  IN CLIFTON UNION AND REGISTRATION DISTRICT (1838 – 1855), Diabetes, 1849, n/g
CAUSE OF DEATH  IN CLIFTON UNION AND REGISTRATION DISTRICT (1838 – 1855), Diabetes, 1854, n/g
CAUSE OF DEATH  IN CLIFTON UNION AND REGISTRATION DISTRICT (1838 – 1855), Epilepsy, 1838, 6
CAUSE OF DEATH  IN CLIFTON UNION AND REGISTRATION DISTRICT (1838 – 1855), Epilepsy, 1839, 3
CAUSE OF DEATH  IN CLIFTON UNION AND REGISTRATION DISTRICT (1838 – 1855), Epilepsy, 1840, 3
CAUSE OF DEATH  IN CLIFTON UNION AND REGISTRATION DISTRICT (1838 – 1855), Epilepsy, 1841, 3
CAUSE OF DEATH  IN CLIFTON UNION AND REGISTRATION DISTRICT (1838 – 1855), Epilepsy, 1842, 7
CAUSE OF DEATH  IN CLIFTON UNION AND REGISTRATION DISTRICT (1838 – 1855), Epilepsy, 1849, n/g
CAUSE OF DEATH  IN CLIFTON UNION AND REGISTRATION DISTRICT (1838 – 1855), Epilepsy, 1854, n/g
CAUSE OF DEATH  IN CLIFTON UNION AND REGISTRATION DISTRICT (1838 – 1855), Nervous System Diseases, 1838, 162
CAUSE OF DEATH  IN CLIFTON UNION AND REGISTRATION DISTRICT (1838 – 1855), Nervous System Diseases, 1839, 120
CAUSE OF DEATH  IN CLIFTON UNION AND REGISTRATION DISTRICT (1838 – 1855), Nervous System Diseases, 1840, 177
CAUSE OF DEATH  IN CLIFTON UNION AND REGISTRATION DISTRICT (1838 – 1855), Nervous System Diseases, 1841, 147
CAUSE OF DEATH  IN CLIFTON UNION AND REGISTRATION DISTRICT (1838 – 1855), Nervous System Diseases, 1842, 177
CAUSE OF DEATH  IN CLIFTON UNION AND REGISTRATION DISTRICT (1838 – 1855), Nervous System Diseases, 1849, n/g
CAUSE OF DEATH  IN CLIFTON UNION AND REGISTRATION DISTRICT (1838 – 1855), Nervous System Diseases, 1854, n/g
CAUSE OF DEATH  IN CLIFTON UNION AND REGISTRATION DISTRICT (1838 – 1855), Heart Disease (Aneurism and Pericarditis), 1838, 1
CAUSE OF DEATH  IN CLIFTON UNION AND REGISTRATION DISTRICT (1838 – 1855), Heart Disease (Aneurism and Pericarditis), 1839, 1
CAUSE OF DEATH  IN CLIFTON UNION AND REGISTRATION DISTRICT (1838 – 1855), Heart Disease (Aneurism and Pericarditis), 1840, 1
CAUSE OF DEATH  IN CLIFTON UNION AND REGISTRATION DISTRICT (1838 – 1855), Heart Disease (Aneurism and Pericarditis), 1841, 0
CAUSE OF DEATH  IN CLIFTON UNION AND REGISTRATION DISTRICT (1838 – 1855), Heart Disease (Aneurism and Pericarditis), 1842, 0
CAUSE OF DEATH  IN CLIFTON UNION AND REGISTRATION DISTRICT (1838 – 1855), Heart Disease (Aneurism and Pericarditis), 1849, n/g
CAUSE OF DEATH  IN CLIFTON UNION AND REGISTRATION DISTRICT (1838 – 1855), Heart Disease (Aneurism and Pericarditis), 1854, n/g
CAUSE OF DEATH  IN CLIFTON UNION AND REGISTRATION DISTRICT (1838 – 1855), Apoplexy (cerebral haemorrhage), 1838, 32
CAUSE OF DEATH  IN CLIFTON UNION AND REGISTRATION DISTRICT (1838 – 1855), Apoplexy (cerebral haemorrhage), 1839, 24
CAUSE OF DEATH  IN CLIFTON UNION AND REGISTRATION DISTRICT (1838 – 1855), Apoplexy (cerebral haemorrhage), 1840, 22
CAUSE OF DEATH  IN CLIFTON UNION AND REGISTRATION DISTRICT (1838 – 1855), Apoplexy (cerebral haemorrhage), 1841, 41
CAUSE OF DEATH  IN CLIFTON UNION AND REGISTRATION DISTRICT (1838 – 1855), Apoplexy (cerebral haemorrhage), 1842, 25
CAUSE OF DEATH  IN CLIFTON UNION AND REGISTRATION DISTRICT (1838 – 1855), Apoplexy (cerebral haemorrhage), 1849, n/g
CAUSE OF DEATH  IN CLIFTON UNION AND REGISTRATION DISTRICT (1838 – 1855), Apoplexy (cerebral haemorrhage), 1854, n/g
CAUSE OF DEATH  IN CLIFTON UNION AND REGISTRATION DISTRICT (1838 – 1855), Disease of the organs of circulation, 1838, 26
CAUSE OF DEATH  IN CLIFTON UNION AND REGISTRATION DISTRICT (1838 – 1855), Disease of the organs of circulation, 1839, 20
CAUSE OF DEATH  IN CLIFTON UNION AND REGISTRATION DISTRICT (1838 – 1855), Disease of the organs of circulation, 1840, 29
CAUSE OF DEATH  IN CLIFTON UNION AND REGISTRATION DISTRICT (1838 – 1855), Disease of the organs of circulation, 1841, 25
CAUSE OF DEATH  IN CLIFTON UNION AND REGISTRATION DISTRICT (1838 – 1855), Disease of the organs of circulation, 1842, 45
CAUSE OF DEATH  IN CLIFTON UNION AND REGISTRATION DISTRICT (1838 – 1855), Disease of the organs of circulation, 1849, n/g
CAUSE OF DEATH  IN CLIFTON UNION AND REGISTRATION DISTRICT (1838 – 1855), Disease of the organs of circulation, 1854, n/g
CAUSE OF DEATH  IN CLIFTON UNION AND REGISTRATION DISTRICT (1838 – 1855), Pneumonia, 1838, 123
CAUSE OF DEATH  IN CLIFTON UNION AND REGISTRATION DISTRICT (1838 – 1855), Pneumonia, 1839, 112
CAUSE OF DEATH  IN CLIFTON UNION AND REGISTRATION DISTRICT (1838 – 1855), Pneumonia, 1840, 133
CAUSE OF DEATH  IN CLIFTON UNION AND REGISTRATION DISTRICT (1838 – 1855), Pneumonia, 1841, 170
CAUSE OF DEATH  IN CLIFTON UNION AND REGISTRATION DISTRICT (1838 – 1855), Pneumonia, 1842, 137
CAUSE OF DEATH  IN CLIFTON UNION AND REGISTRATION DISTRICT (1838 – 1855), Pneumonia, 1849, n/g
CAUSE OF DEATH  IN CLIFTON UNION AND REGISTRATION DISTRICT (1838 – 1855), Pneumonia, 1854, n/g
CAUSE OF DEATH  IN CLIFTON UNION AND REGISTRATION DISTRICT (1838 – 1855), Influenza, 1838, 1
CAUSE OF DEATH  IN CLIFTON UNION AND REGISTRATION DISTRICT (1838 – 1855), Influenza, 1839, 1
CAUSE OF DEATH  IN CLIFTON UNION AND REGISTRATION DISTRICT (1838 – 1855), Influenza, 1840, 5
CAUSE OF DEATH  IN CLIFTON UNION AND REGISTRATION DISTRICT (1838 – 1855), Influenza, 1841, 12
CAUSE OF DEATH  IN CLIFTON UNION AND REGISTRATION DISTRICT (1838 – 1855), Influenza, 1842, 1
CAUSE OF DEATH  IN CLIFTON UNION AND REGISTRATION DISTRICT (1838 – 1855), Influenza, 1849, n/g
CAUSE OF DEATH  IN CLIFTON UNION AND REGISTRATION DISTRICT (1838 – 1855), Influenza, 1854, n/g
CAUSE OF DEATH  IN CLIFTON UNION AND REGISTRATION DISTRICT (1838 – 1855), Bronchitis, 1838, 8
CAUSE OF DEATH  IN CLIFTON UNION AND REGISTRATION DISTRICT (1838 – 1855), Bronchitis, 1839, 7
CAUSE OF DEATH  IN CLIFTON UNION AND REGISTRATION DISTRICT (1838 – 1855), Bronchitis, 1840, 12
CAUSE OF DEATH  IN CLIFTON UNION AND REGISTRATION DISTRICT (1838 – 1855), Bronchitis, 1841, 10
CAUSE OF DEATH  IN CLIFTON UNION AND REGISTRATION DISTRICT (1838 – 1855), Bronchitis, 1842, 16
CAUSE OF DEATH  IN CLIFTON UNION AND REGISTRATION DISTRICT (1838 – 1855), Bronchitis, 1849, n/g
CAUSE OF DEATH  IN CLIFTON UNION AND REGISTRATION DISTRICT (1838 – 1855), Bronchitis, 1854, n/g
CAUSE OF DEATH  IN CLIFTON UNION AND REGISTRATION DISTRICT (1838 – 1855), Asthma, 1838, 16
CAUSE OF DEATH  IN CLIFTON UNION AND REGISTRATION DISTRICT (1838 – 1855), Asthma, 1839, 22
CAUSE OF DEATH  IN CLIFTON UNION AND REGISTRATION DISTRICT (1838 – 1855), Asthma, 1840, 26
CAUSE OF DEATH  IN CLIFTON UNION AND REGISTRATION DISTRICT (1838 – 1855), Asthma, 1841, 25
CAUSE OF DEATH  IN CLIFTON UNION AND REGISTRATION DISTRICT (1838 – 1855), Asthma, 1842, 34
CAUSE OF DEATH  IN CLIFTON UNION AND REGISTRATION DISTRICT (1838 – 1855), Asthma, 1849, n/g
CAUSE OF DEATH  IN CLIFTON UNION AND REGISTRATION DISTRICT (1838 – 1855), Asthma, 1854, n/g
CAUSE OF DEATH  IN CLIFTON UNION AND REGISTRATION DISTRICT (1838 – 1855), Other Respiratory Diseases, 1838, 77
CAUSE OF DEATH  IN CLIFTON UNION AND REGISTRATION DISTRICT (1838 – 1855), Other Respiratory Diseases, 1839, 40
CAUSE OF DEATH  IN CLIFTON UNION AND REGISTRATION DISTRICT (1838 – 1855), Other Respiratory Diseases, 1840, 40
CAUSE OF DEATH  IN CLIFTON UNION AND REGISTRATION DISTRICT (1838 – 1855), Other Respiratory Diseases, 1841, 43
CAUSE OF DEATH  IN CLIFTON UNION AND REGISTRATION DISTRICT (1838 – 1855), Other Respiratory Diseases, 1842, 22
CAUSE OF DEATH  IN CLIFTON UNION AND REGISTRATION DISTRICT (1838 – 1855), Other Respiratory Diseases, 1849, n/g
CAUSE OF DEATH  IN CLIFTON UNION AND REGISTRATION DISTRICT (1838 – 1855), Other Respiratory Diseases, 1854, n/g
CAUSE OF DEATH  IN CLIFTON UNION AND REGISTRATION DISTRICT (1838 – 1855), Ulceration of the Digestive Organs, 1838, 1
CAUSE OF DEATH  IN CLIFTON UNION AND REGISTRATION DISTRICT (1838 – 1855), Ulceration of the Digestive Organs, 1839, 1
CAUSE OF DEATH  IN CLIFTON UNION AND REGISTRATION DISTRICT (1838 – 1855), Ulceration of the Digestive Organs, 1840, 3
CAUSE OF DEATH  IN CLIFTON UNION AND REGISTRATION DISTRICT (1838 – 1855), Ulceration of the Digestive Organs, 1841, 1
CAUSE OF DEATH  IN CLIFTON UNION AND REGISTRATION DISTRICT (1838 – 1855), Ulceration of the Digestive Organs, 1842, 5
CAUSE OF DEATH  IN CLIFTON UNION AND REGISTRATION DISTRICT (1838 – 1855), Ulceration of the Digestive Organs, 1849, n/g
CAUSE OF DEATH  IN CLIFTON UNION AND REGISTRATION DISTRICT (1838 – 1855), Ulceration of the Digestive Organs, 1854, n/g
CAUSE OF DEATH  IN CLIFTON UNION AND REGISTRATION DISTRICT (1838 – 1855), Other Digestive System Diseases, 1838, 15
CAUSE OF DEATH  IN CLIFTON UNION AND REGISTRATION DISTRICT (1838 – 1855), Other Digestive System Diseases, 1839, 16
CAUSE OF DEATH  IN CLIFTON UNION AND REGISTRATION DISTRICT (1838 – 1855), Other Digestive System Diseases, 1840, 8
CAUSE OF DEATH  IN CLIFTON UNION AND REGISTRATION DISTRICT (1838 – 1855), Other Digestive System Diseases, 1841, 19
CAUSE OF DEATH  IN CLIFTON UNION AND REGISTRATION DISTRICT (1838 – 1855), Other Digestive System Diseases, 1842, 13
CAUSE OF DEATH  IN CLIFTON UNION AND REGISTRATION DISTRICT (1838 – 1855), Other Digestive System Diseases, 1849, n/g
CAUSE OF DEATH  IN CLIFTON UNION AND REGISTRATION DISTRICT (1838 – 1855), Other Digestive System Diseases, 1854, n/g
CAUSE OF DEATH  IN CLIFTON UNION AND REGISTRATION DISTRICT (1838 – 1855), Nephritis, 1838, 0
CAUSE OF DEATH  IN CLIFTON UNION AND REGISTRATION DISTRICT (1838 – 1855), Nephritis, 1839, 0
CAUSE OF DEATH  IN CLIFTON UNION AND REGISTRATION DISTRICT (1838 – 1855), Nephritis, 1840, 0
CAUSE OF DEATH  IN CLIFTON UNION AND REGISTRATION DISTRICT (1838 – 1855), Nephritis, 1841, 0
CAUSE OF DEATH  IN CLIFTON UNION AND REGISTRATION DISTRICT (1838 – 1855), Nephritis, 1842, 2
CAUSE OF DEATH  IN CLIFTON UNION AND REGISTRATION DISTRICT (1838 – 1855), Nephritis, 1849, n/g
CAUSE OF DEATH  IN CLIFTON UNION AND REGISTRATION DISTRICT (1838 – 1855), Nephritis, 1854, n/g
CAUSE OF DEATH  IN CLIFTON UNION AND REGISTRATION DISTRICT (1838 – 1855), Urinary System Diseases, 1838, 15
CAUSE OF DEATH  IN CLIFTON UNION AND REGISTRATION DISTRICT (1838 – 1855), Urinary System Diseases, 1839, 31
CAUSE OF DEATH  IN CLIFTON UNION AND REGISTRATION DISTRICT (1838 – 1855), Urinary System Diseases, 1840, 16
CAUSE OF DEATH  IN CLIFTON UNION AND REGISTRATION DISTRICT (1838 – 1855), Urinary System Diseases, 1841, 21
CAUSE OF DEATH  IN CLIFTON UNION AND REGISTRATION DISTRICT (1838 – 1855), Urinary System Diseases, 1842, 14
CAUSE OF DEATH  IN CLIFTON UNION AND REGISTRATION DISTRICT (1838 – 1855), Urinary System Diseases, 1849, n/g
CAUSE OF DEATH  IN CLIFTON UNION AND REGISTRATION DISTRICT (1838 – 1855), Urinary System Diseases, 1854, n/g
CAUSE OF DEATH  IN CLIFTON UNION AND REGISTRATION DISTRICT (1838 – 1855), Generative System Diseases, 1838, 0
CAUSE OF DEATH  IN CLIFTON UNION AND REGISTRATION DISTRICT (1838 – 1855), Generative System Diseases, 1839, 1
CAUSE OF DEATH  IN CLIFTON UNION AND REGISTRATION DISTRICT (1838 – 1855), Generative System Diseases, 1840, 7
CAUSE OF DEATH  IN CLIFTON UNION AND REGISTRATION DISTRICT (1838 – 1855), Generative System Diseases, 1841, 5
CAUSE OF DEATH  IN CLIFTON UNION AND REGISTRATION DISTRICT (1838 – 1855), Generative System Diseases, 1842, 5
CAUSE OF DEATH  IN CLIFTON UNION AND REGISTRATION DISTRICT (1838 – 1855), Generative System Diseases, 1849, n/g
CAUSE OF DEATH  IN CLIFTON UNION AND REGISTRATION DISTRICT (1838 – 1855), Generative System Diseases, 1854, n/g
CAUSE OF DEATH  IN CLIFTON UNION AND REGISTRATION DISTRICT (1838 – 1855), Childbirth and Puerperal Septic Diseases, 1838, 6
CAUSE OF DEATH  IN CLIFTON UNION AND REGISTRATION DISTRICT (1838 – 1855), Childbirth and Puerperal Septic Diseases, 1839, 12
CAUSE OF DEATH  IN CLIFTON UNION AND REGISTRATION DISTRICT (1838 – 1855), Childbirth and Puerperal Septic Diseases, 1840, 10
CAUSE OF DEATH  IN CLIFTON UNION AND REGISTRATION DISTRICT (1838 – 1855), Childbirth and Puerperal Septic Diseases, 1841, 9
CAUSE OF DEATH  IN CLIFTON UNION AND REGISTRATION DISTRICT (1838 – 1855), Childbirth and Puerperal Septic Diseases, 1842, 7
CAUSE OF DEATH  IN CLIFTON UNION AND REGISTRATION DISTRICT (1838 – 1855), Childbirth and Puerperal Septic Diseases, 1849, n/g
CAUSE OF DEATH  IN CLIFTON UNION AND REGISTRATION DISTRICT (1838 – 1855), Childbirth and Puerperal Septic Diseases, 1854, n/g
CAUSE OF DEATH  IN CLIFTON UNION AND REGISTRATION DISTRICT (1838 – 1855), Rheumatism, 1838, 2
CAUSE OF DEATH  IN CLIFTON UNION AND REGISTRATION DISTRICT (1838 – 1855), Rheumatism, 1839, 3
CAUSE OF DEATH  IN CLIFTON UNION AND REGISTRATION DISTRICT (1838 – 1855), Rheumatism, 1840, 3
CAUSE OF DEATH  IN CLIFTON UNION AND REGISTRATION DISTRICT (1838 – 1855), Rheumatism, 1841, 3
CAUSE OF DEATH  IN CLIFTON UNION AND REGISTRATION DISTRICT (1838 – 1855), Rheumatism, 1842, 6
CAUSE OF DEATH  IN CLIFTON UNION AND REGISTRATION DISTRICT (1838 – 1855), Rheumatism, 1849, n/g
CAUSE OF DEATH  IN CLIFTON UNION AND REGISTRATION DISTRICT (1838 – 1855), Rheumatism, 1854, n/g
CAUSE OF DEATH  IN CLIFTON UNION AND REGISTRATION DISTRICT (1838 – 1855), Malformation of Uncertain Seat, 1838, 0
CAUSE OF DEATH  IN CLIFTON UNION AND REGISTRATION DISTRICT (1838 – 1855), Malformation of Uncertain Seat, 1839, 1
CAUSE OF DEATH  IN CLIFTON UNION AND REGISTRATION DISTRICT (1838 – 1855), Malformation of Uncertain Seat, 1840, 0
CAUSE OF DEATH  IN CLIFTON UNION AND REGISTRATION DISTRICT (1838 – 1855), Malformation of Uncertain Seat, 1841, 2
CAUSE OF DEATH  IN CLIFTON UNION AND REGISTRATION DISTRICT (1838 – 1855), Malformation of Uncertain Seat, 1842, 1
CAUSE OF DEATH  IN CLIFTON UNION AND REGISTRATION DISTRICT (1838 – 1855), Malformation of Uncertain Seat, 1849, n/g
CAUSE OF DEATH  IN CLIFTON UNION AND REGISTRATION DISTRICT (1838 – 1855), Malformation of Uncertain Seat, 1854, n/g
